INSERT INTO TraitModifiers (TraitType, ModifierId)
VALUES	('TRAIT_GREAT_ASTROLOGIST',	'MOD_TRAIT_GREAT_ASTROLOGIST_MORE_AMENITY_CAMPUS'),
		('TRAIT_GREAT_ASTROLOGIST',	'MOD_TRAIT_GREAT_ASTROLOGIST_MORE_AMENITY_LIBRARY'),
		('TRAIT_GREAT_ASTROLOGIST',	'MOD_TRAIT_GREAT_ASTROLOGIST_MORE_AMENITY_UNIVERSITY'),
		('TRAIT_GREAT_ASTROLOGIST',	'MOD_TRAIT_GREAT_ASTROLOGIST_MORE_AMENITY_RESEARCH_LAB');

INSERT INTO Modifiers (ModifierId, ModifierType, SubjectRequirementSetId)
VALUES  ('MOD_TRAIT_GREAT_ASTROLOGIST_MORE_AMENITY_CAMPUS',			'MODIFIER_CITY_DISTRICTS_ADJUST_DISTRICT_AMENITY',	'REQUIREMENTS_CITY_HAS_CAMPUS'),
		('MOD_TRAIT_GREAT_ASTROLOGIST_MORE_AMENITY_LIBRARY', 		'MODIFIER_CITY_DISTRICTS_ADJUST_DISTRICT_AMENITY',	'REQUIREMENTS_CITY_HAS_LIBRARY'),
		('MOD_TRAIT_GREAT_ASTROLOGIST_MORE_AMENITY_UNIVERSITY',		'MODIFIER_CITY_DISTRICTS_ADJUST_DISTRICT_AMENITY',	'REQUIREMENTS_CITY_HAS_UNIVERSITY'),
		('MOD_TRAIT_GREAT_ASTROLOGIST_MORE_AMENITY_RESEARCH_LAB',	'MODIFIER_CITY_DISTRICTS_ADJUST_DISTRICT_AMENITY',	'REQUIREMENTS_CITY_HAS_RESEARCH_LAB');

INSERT INTO ModifierArguments (ModifierId, Name, Value)
VALUES	('MOD_TRAIT_GREAT_ASTROLOGIST_MORE_AMENITY_CAMPUS',			'Amount',	1),
		('MOD_TRAIT_GREAT_ASTROLOGIST_MORE_AMENITY_LIBRARY',		'Amount',	1),
		('MOD_TRAIT_GREAT_ASTROLOGIST_MORE_AMENITY_UNIVERSITY',		'Amount',	1),
		('MOD_TRAIT_GREAT_ASTROLOGIST_MORE_AMENITY_RESEARCH_LAB',	'Amount',	1);

INSERT OR IGNORE INTO RequirementSets (RequirementSetId, RequirementSetType)
VALUES	('REQUIREMENTS_CITY_HAS_CAMPUS',		'REQUIREMENTSET_TEST_ALL'),
		('REQUIREMENTS_CITY_HAS_LIBRARY',		'REQUIREMENTSET_TEST_ALL'),
		('REQUIREMENTS_CITY_HAS_UNIVERSITY',	'REQUIREMENTSET_TEST_ALL'),
		('REQUIREMENTS_CITY_HAS_RESEARCH_LAB',	'REQUIREMENTSET_TEST_ALL');
INSERT OR IGNORE INTO RequirementSetRequirements (RequirementSetId, RequirementId)
VALUES	('REQUIREMENTS_CITY_HAS_CAMPUS',		'REQUIRES_CITY_HAS_CAMPUS'),
		('REQUIREMENTS_CITY_HAS_LIBRARY',		'REQUIRES_CITY_HAS_LIBRARY'),
		('REQUIREMENTS_CITY_HAS_UNIVERSITY',	'REQUIRES_CITY_HAS_UNIVERSITY'),
		('REQUIREMENTS_CITY_HAS_RESEARCH_LAB',	'REQUIRES_CITY_HAS_RESEARCH_LAB');